date,NO2
2025-08-31 00:00:00+00:00,5.424441042123362e-06
2025-09-01 00:00:00+00:00,2.527062989088336e-06
2025-09-02 00:00:00+00:00,-3.703150639466912e-07
2025-09-03 00:00:00+00:00,-2.1472251319210045e-06
2025-09-04 00:00:00+00:00,1.66296522365883e-05
2025-09-05 00:00:00+00:00,9.698364920041058e-06
2025-09-06 00:00:00+00:00,1.7659338936937274e-05
2025-09-07 00:00:00+00:00,2.562031295383349e-05
2025-09-08 00:00:00+00:00,8.521953532181215e-06
2025-09-09 00:00:00+00:00,1.9669234461616725e-05
2025-09-10 00:00:00+00:00,-4.9478558139526285e-06
2025-09-11 00:00:00+00:00,-1.2744520745400223e-06
2025-09-12 00:00:00+00:00,9.979067726817448e-06
2025-09-13 00:00:00+00:00,4.349124083091738e-06
2025-09-14 00:00:00+00:00,2.59582247963408e-05
2025-09-15 00:00:00+00:00,2.3118230092222803e-05
2025-09-16 00:00:00+00:00,2.0278235388104805e-05
2025-09-17 00:00:00+00:00,1.7438240683986804e-05
2025-09-18 00:00:00+00:00,1.4598245979868806e-05
2025-09-19 00:00:00+00:00,1.1758251275750808e-05
2025-09-20 00:00:00+00:00,6.6246266214875504e-06
2025-09-21 00:00:00+00:00,1.2023543604300356e-05
2025-09-22 00:00:00+00:00,9.703016075945923e-06
2025-09-23 00:00:00+00:00,1.3649104403157253e-05
2025-09-24 00:00:00+00:00,1.746566704241559e-05
2025-09-25 00:00:00+00:00,1.0810101230163127e-05
2025-09-26 00:00:00+00:00,-1.4987898566687363e-06
2025-09-27 00:00:00+00:00,4.257745331415208e-06
2025-09-28 00:00:00+00:00,1.2844805496570189e-05
2025-09-29 00:00:00+00:00,1.3664696552950772e-05
2025-09-30 00:00:00+00:00,1.4484587609331356e-05
2025-10-01 00:00:00+00:00,1.530447866571194e-05
2025-10-02 00:00:00+00:00,1.6124369722092524e-05
2025-10-03 00:00:00+00:00,1.0859410394914448e-05
2025-10-04 00:00:00+00:00,2.4515775294275954e-05
2025-10-05 00:00:00+00:00,1.950567639141809e-05
2025-10-06 00:00:00+00:00,2.0197192498017102e-05
2025-10-07 00:00:00+00:00,2.916884477599524e-05
2025-10-08 00:00:00+00:00,1.190300281450618e-05
2025-10-09 00:00:00+00:00,2.1672467482858337e-05
2025-10-10 00:00:00+00:00,1.2065417649864685e-05
2025-10-11 00:00:00+00:00,2.4261075850517955e-06
2025-10-12 00:00:00+00:00,-7.213202479761094e-06
2025-10-13 00:00:00+00:00,-5.5969417189771775e-06
2025-10-14 00:00:00+00:00,-3.980680958193261e-06
2025-10-15 00:00:00+00:00,1.0511115760891698e-05
2025-10-16 00:00:00+00:00,1.2561951734824106e-05
2025-10-17 00:00:00+00:00,1.471418818255188e-05
2025-10-18 00:00:00+00:00,1.6714040611987002e-05
2025-10-19 00:00:00+00:00,1.4799924234206888e-05
2025-10-20 00:00:00+00:00,1.2885807856426773e-05
2025-10-21 00:00:00+00:00,1.097169147864666e-05
2025-10-22 00:00:00+00:00,9.057575100866545e-06
2025-10-23 00:00:00+00:00,7.143458723086432e-06
2025-10-24 00:00:00+00:00,5.2293423453063174e-06
2025-10-25 00:00:00+00:00,3.315225967526203e-06
2025-10-26 00:00:00+00:00,4.39226160627489e-06
2025-10-27 00:00:00+00:00,5.4692972450235775e-06
2025-10-28 00:00:00+00:00,6.546332883772266e-06
2025-10-29 00:00:00+00:00,7.623368522520953e-06
2025-10-30 00:00:00+00:00,8.700404161269642e-06
2025-10-31 00:00:00+00:00,9.777439800018328e-06
2025-11-01 00:00:00+00:00,1.0854475438767015e-05
2025-11-02 00:00:00+00:00,1.1931511077515703e-05
2025-11-03 00:00:00+00:00,1.3008546716264391e-05
2025-11-04 00:00:00+00:00,1.4085582355013079e-05
2025-11-05 00:00:00+00:00,1.5162617993761765e-05
2025-11-06 00:00:00+00:00,1.6239653632510453e-05
2025-11-07 00:00:00+00:00,1.554480296368124e-05
2025-11-08 00:00:00+00:00,1.4849952294852024e-05
2025-11-09 00:00:00+00:00,1.4155101626022809e-05
2025-11-10 00:00:00+00:00,1.3460250957193594e-05
2025-11-11 00:00:00+00:00,1.276540028836438e-05
2025-11-12 00:00:00+00:00,1.2070549619535164e-05
2025-11-13 00:00:00+00:00,1.1375698950705951e-05
2025-11-14 00:00:00+00:00,1.0680848281876736e-05
2025-11-15 00:00:00+00:00,9.985997613047521e-06
2025-11-16 00:00:00+00:00,9.291146944218307e-06
2025-11-17 00:00:00+00:00,8.596296275389092e-06
2025-11-18 00:00:00+00:00,7.901445606559877e-06
2025-11-19 00:00:00+00:00,7.206594937730664e-06
2025-11-20 00:00:00+00:00,6.511744268901449e-06
2025-11-21 00:00:00+00:00,5.816893600072234e-06
2025-11-22 00:00:00+00:00,5.122042931243019e-06
2025-11-23 00:00:00+00:00,4.427192262413804e-06
2025-11-24 00:00:00+00:00,3.7323415935845894e-06
2025-11-25 00:00:00+00:00,3.0374909247553745e-06
2025-11-26 00:00:00+00:00,2.3426402559261596e-06
2025-11-27 00:00:00+00:00,1.6477895870969448e-06
2025-11-28 00:00:00+00:00,9.529389182677299e-07
2025-11-29 00:00:00+00:00,2.5808824943851505e-07
2025-11-30 00:00:00+00:00,1.0724940011641593e-06
2025-12-01 00:00:00+00:00,1.8868997528898035e-06
2025-12-02 00:00:00+00:00,2.7013055046154477e-06
2025-12-03 00:00:00+00:00,3.515711256341092e-06
2025-12-04 00:00:00+00:00,4.330117008066736e-06
2025-12-05 00:00:00+00:00,6.470357150716994e-06
2025-12-06 00:00:00+00:00,8.610597293367251e-06
2025-12-07 00:00:00+00:00,1.075083743601751e-05
2025-12-08 00:00:00+00:00,1.2891077578667766e-05
2025-12-09 00:00:00+00:00,1.5031317721318024e-05
2025-12-10 00:00:00+00:00,1.7171557863968283e-05
2025-12-11 00:00:00+00:00,1.931179800661854e-05
2025-12-12 00:00:00+00:00,2.1452038149268796e-05
2025-12-13 00:00:00+00:00,2.3592278291919054e-05
2025-12-14 00:00:00+00:00,2.5732518434569312e-05
2025-12-15 00:00:00+00:00,2.787275857721957e-05
2025-12-16 00:00:00+00:00,3.001299871986983e-05
2025-12-17 00:00:00+00:00,3.2153238862520084e-05
2025-12-18 00:00:00+00:00,3.2165659418255515e-05
2025-12-19 00:00:00+00:00,3.217807997399095e-05
2025-12-20 00:00:00+00:00,3.219050052972637e-05
2025-12-21 00:00:00+00:00,3.22029210854618e-05
2025-12-22 00:00:00+00:00,3.2215341641197234e-05
2025-12-23 00:00:00+00:00,3.2227762196932666e-05
2025-12-24 00:00:00+00:00,3.22401827526681e-05
2025-12-25 00:00:00+00:00,3.225260330840353e-05
2025-12-26 00:00:00+00:00,3.2265023864138954e-05
2025-12-27 00:00:00+00:00,3.2277444419874385e-05
2025-12-28 00:00:00+00:00,3.2289864975609817e-05
2025-12-29 00:00:00+00:00,3.230228553134525e-05
2025-12-30 00:00:00+00:00,3.231470608708068e-05
2025-12-31 00:00:00+00:00,3.2327126642816104e-05
2026-01-01 00:00:00+00:00,3.2339547198551536e-05
2026-01-02 00:00:00+00:00,3.235196775428697e-05
2026-01-03 00:00:00+00:00,3.23643883100224e-05
2026-01-04 00:00:00+00:00,3.237680886575783e-05
2026-01-05 00:00:00+00:00,3.238922942149326e-05
2026-01-06 00:00:00+00:00,3.2401649977228686e-05
2026-01-07 00:00:00+00:00,3.241407053296412e-05
2026-01-08 00:00:00+00:00,3.242649108869955e-05
2026-01-09 00:00:00+00:00,3.066350442774516e-05
2026-01-10 00:00:00+00:00,2.8900517766790774e-05
2026-01-11 00:00:00+00:00,2.7137531105836388e-05
2026-01-12 00:00:00+00:00,2.5374544444881998e-05
2026-01-13 00:00:00+00:00,2.3611557783927612e-05
2026-01-14 00:00:00+00:00,2.1848571122973226e-05
2026-01-15 00:00:00+00:00,2.0085584462018837e-05
2026-01-16 00:00:00+00:00,1.832259780106445e-05
2026-01-17 00:00:00+00:00,1.6559611140110064e-05
2026-01-18 00:00:00+00:00,1.4796624479155675e-05
2026-01-19 00:00:00+00:00,1.3033637818201289e-05
2026-01-20 00:00:00+00:00,1.1270651157246904e-05
2026-01-21 00:00:00+00:00,3.252169699408114e-05
2026-01-22 00:00:00+00:00,2.4124268596400118e-05
2026-01-23 00:00:00+00:00,1.5726840198719096e-05
2026-01-24 00:00:00+00:00,7.329411801038077e-06
2026-01-25 00:00:00+00:00,1.0104405191668777e-05
2026-01-26 00:00:00+00:00,1.0243015094602016e-05
2026-01-27 00:00:00+00:00,1.0381624997535257e-05
2026-01-28 00:00:00+00:00,1.0520234900468496e-05
2026-01-29 00:00:00+00:00,1.0658844803401737e-05
2026-01-30 00:00:00+00:00,1.0797454706334976e-05
2026-01-31 00:00:00+00:00,1.541100270211852e-05
2026-02-01 00:00:00+00:00,2.0024550697902065e-05
2026-02-02 00:00:00+00:00,2.463809869368561e-05
2026-02-03 00:00:00+00:00,2.2425465886044552e-05
2026-02-04 00:00:00+00:00,2.021283307840349e-05
2026-02-05 00:00:00+00:00,1.8000200270762434e-05
2026-02-06 00:00:00+00:00,1.5787567463121377e-05
2026-02-07 00:00:00+00:00,1.7640824989939573e-05
2026-02-08 00:00:00+00:00,1.949408251675777e-05
2026-02-09 00:00:00+00:00,2.134734004357597e-05
2026-02-10 00:00:00+00:00,2.3200597570394166e-05
2026-02-11 00:00:00+00:00,2.5053855097212363e-05
2026-02-12 00:00:00+00:00,2.690711262403056e-05
2026-02-13 00:00:00+00:00,2.8760370150848756e-05
2026-02-14 00:00:00+00:00,3.0613627677666956e-05
2026-02-15 00:00:00+00:00,3.246688520448515e-05
2026-02-16 00:00:00+00:00,3.432014273130335e-05
2026-02-17 00:00:00+00:00,3.1624865187040996e-05
2026-02-18 00:00:00+00:00,2.8929587642778642e-05
2026-02-19 00:00:00+00:00,2.623431009851629e-05
2026-02-20 00:00:00+00:00,2.3539032554253936e-05
2026-02-21 00:00:00+00:00,2.2741354314348428e-05
2026-02-22 00:00:00+00:00,2.194367607444292e-05
2026-02-23 00:00:00+00:00,2.114599783453741e-05
2026-02-24 00:00:00+00:00,2.0348319594631903e-05
2026-02-25 00:00:00+00:00,1.9550641354726395e-05
2026-02-26 00:00:00+00:00,1.8752963114820886e-05
2026-02-27 00:00:00+00:00,1.7955284874915378e-05
2026-02-28 00:00:00+00:00,1.715760663500987e-05
2026-03-01 00:00:00+00:00,2.539014531066641e-05
2026-03-02 00:00:00+00:00,2.323802982573397e-05
2026-03-03 00:00:00+00:00,2.1085914340801537e-05
2026-03-04 00:00:00+00:00,1.89337988558691e-05
2026-03-05 00:00:00+00:00,1.7007831047521904e-05
2026-03-06 00:00:00+00:00,1.47078890222474e-05
2026-03-07 00:00:00+00:00,1.2407946996972896e-05
2026-03-08 00:00:00+00:00,1.0108004971698392e-05
2026-03-09 00:00:00+00:00,1.3843093711329857e-05
2026-03-10 00:00:00+00:00,1.757818245096132e-05
2026-03-11 00:00:00+00:00,2.300285753638794e-05
2026-03-12 00:00:00+00:00,2.8427532621814557e-05
2026-03-13 00:00:00+00:00,3.385220770724118e-05
2026-03-14 00:00:00+00:00,3.219568285809752e-05
2026-03-15 00:00:00+00:00,3.053915800895387e-05
2026-03-16 00:00:00+00:00,2.888263315981021e-05
2026-03-17 00:00:00+00:00,2.7226108310666557e-05
2026-03-18 00:00:00+00:00,2.5569583461522903e-05
2026-03-19 00:00:00+00:00,2.3913058612379245e-05
2026-03-20 00:00:00+00:00,2.225653376323559e-05
2026-03-21 00:00:00+00:00,2.0600008914091937e-05
2026-03-22 00:00:00+00:00,1.894348406494828e-05
2026-03-23 00:00:00+00:00,1.7286959215804625e-05
2026-03-24 00:00:00+00:00,1.563043436666097e-05
2026-03-25 00:00:00+00:00,1.3973909517517312e-05
2026-03-26 00:00:00+00:00,1.5655332390451804e-05
2026-03-27 00:00:00+00:00,1.4818211509139343e-05
2026-03-28 00:00:00+00:00,1.3981090627826884e-05
2026-03-29 00:00:00+00:00,1.3143969746514423e-05
2026-03-30 00:00:00+00:00,1.2306848865201963e-05
2026-03-31 00:00:00+00:00,1.1469727983889502e-05
2026-04-01 00:00:00+00:00,1.0632607102577041e-05
2026-04-02 00:00:00+00:00,9.795486221264582e-06
2026-04-03 00:00:00+00:00,2.9587035896838643e-06
2026-04-04 00:00:00+00:00,1.4887355064274743e-05
2026-04-05 00:00:00+00:00,5.996901563776191e-06
2026-04-06 00:00:00+00:00,1.420496391801862e-05
2026-04-07 00:00:00+00:00,7.229208137005117e-06
2026-04-08 00:00:00+00:00,2.534523559916124e-07
2026-04-09 00:00:00+00:00,3.138255678436508e-06
2026-04-10 00:00:00+00:00,6.023059000881403e-06
2026-04-11 00:00:00+00:00,8.907862323326299e-06
2026-04-12 00:00:00+00:00,1.1792665645771194e-05
2026-04-13 00:00:00+00:00,-6.22618199486169e-06
2026-04-14 00:00:00+00:00,4.017675337308901e-06
2026-04-15 00:00:00+00:00,1.4261532669479491e-05
2026-04-16 00:00:00+00:00,3.085672688030172e-06
2026-04-17 00:00:00+00:00,4.096558768651448e-06
2026-04-18 00:00:00+00:00,2.812123739204253e-06
2026-04-19 00:00:00+00:00,1.243822043761611e-05
2026-04-20 00:00:00+00:00,2.121861325576901e-05
2026-04-21 00:00:00+00:00,1.3396777982658627e-05
2026-04-22 00:00:00+00:00,5.5749427095482425e-06
2026-04-23 00:00:00+00:00,-2.2468925635621417e-06
2026-04-24 00:00:00+00:00,6.034126727172406e-07
2026-04-25 00:00:00+00:00,3.453717908996623e-06
2026-04-26 00:00:00+00:00,1.647275530558545e-05
2026-04-27 00:00:00+00:00,1.6879789048592404e-05
2026-04-28 00:00:00+00:00,1.728682279159936e-05
2026-04-29 00:00:00+00:00,1.769385653460631e-05
2026-04-30 00:00:00+00:00,1.8100890277613264e-05
2026-05-01 00:00:00+00:00,1.850792402062022e-05
2026-05-02 00:00:00+00:00,1.891495776362717e-05
2026-05-03 00:00:00+00:00,1.7778364053810947e-05
2026-05-04 00:00:00+00:00,1.6641770343994722e-05
2026-05-05 00:00:00+00:00,8.711214832146652e-06
2026-05-06 00:00:00+00:00,1.3936585673945956e-05
2026-05-07 00:00:00+00:00,1.493067065894138e-05
2026-05-08 00:00:00+00:00,1.5924755643936805e-05
2026-05-09 00:00:00+00:00,1.1341557410560199e-05
2026-05-10 00:00:00+00:00,6.758359177183593e-06
2026-05-11 00:00:00+00:00,4.221035396767547e-06
2026-05-12 00:00:00+00:00,2.68363091890933e-05
2026-05-13 00:00:00+00:00,1.017135309666628e-05
2026-05-14 00:00:00+00:00,6.304893304331927e-06
2026-05-15 00:00:00+00:00,1.5767600416438654e-05
2026-05-16 00:00:00+00:00,2.212550134572666e-05
2026-05-17 00:00:00+00:00,2.0620778438266523e-05
2026-05-18 00:00:00+00:00,1.911605553080638e-05
2026-05-19 00:00:00+00:00,1.7611332623346243e-05
2026-05-20 00:00:00+00:00,1.61066097158861e-05
2026-05-21 00:00:00+00:00,1.4601886808425963e-05
2026-05-22 00:00:00+00:00,1.3097163900965825e-05
2026-05-23 00:00:00+00:00,1.3560973457060754e-05
2026-05-24 00:00:00+00:00,1.7776310414774343e-05
2026-05-25 00:00:00+00:00,1.3672167824552162e-05
2026-05-26 00:00:00+00:00,9.56802523432998e-06
2026-05-27 00:00:00+00:00,1.2957111418169614e-05
2026-05-28 00:00:00+00:00,1.6346197602009248e-05
2026-05-29 00:00:00+00:00,1.973528378584888e-05
2026-05-30 00:00:00+00:00,1.6637226508464664e-05
2026-05-31 00:00:00+00:00,1.353916923108045e-05
2026-06-01 00:00:00+00:00,-2.83554254565388e-06
2026-06-02 00:00:00+00:00,1.7498907254775986e-05
2026-06-03 00:00:00+00:00,6.1244822973094415e-06
2026-06-04 00:00:00+00:00,-6.627374659728957e-06
2026-06-05 00:00:00+00:00,5.320689069776563e-06
2026-06-06 00:00:00+00:00,2.3861655620294187e-06
2026-06-07 00:00:00+00:00,-5.483579457177257e-07
2026-06-08 00:00:00+00:00,2.878585110011045e-05
2026-06-09 00:00:00+00:00,2.370408947172109e-05
2026-06-10 00:00:00+00:00,1.2993851669307332e-05
2026-06-11 00:00:00+00:00,1.2603359755303245e-05
2026-06-12 00:00:00+00:00,1.2212867841299157e-05
2026-06-13 00:00:00+00:00,1.182237592729507e-05
2026-06-14 00:00:00+00:00,1.1431884013290983e-05
2026-06-15 00:00:00+00:00,1.1041392099286895e-05
2026-06-16 00:00:00+00:00,5.675000920746243e-06
2026-06-17 00:00:00+00:00,1.1345744496793486e-05
2026-06-18 00:00:00+00:00,2.402335303486325e-05
2026-06-19 00:00:00+00:00,3.143037611152977e-05
2026-06-20 00:00:00+00:00,2.3269290068128612e-05
2026-06-21 00:00:00+00:00,1.5108204024727456e-05
2026-06-22 00:00:00+00:00,1.7612775991437957e-05
2026-06-23 00:00:00+00:00,1.6835492412307456e-05
2026-06-24 00:00:00+00:00,1.6058208833176952e-05
2026-06-25 00:00:00+00:00,1.528092525404645e-05
2026-06-26 00:00:00+00:00,1.450364167491595e-05
2026-06-27 00:00:00+00:00,1.3726358095785448e-05
2026-06-28 00:00:00+00:00,1.2949074516654946e-05
2026-06-29 00:00:00+00:00,1.849471118475776e-05
2026-06-30 00:00:00+00:00,1.7036815734172706e-05
2026-07-01 00:00:00+00:00,1.557892028358765e-05
2026-07-02 00:00:00+00:00,2.705980841710698e-05
2026-07-03 00:00:00+00:00,1.4745239241165107e-05
2026-07-04 00:00:00+00:00,1.5362784324679524e-05
2026-07-05 00:00:00+00:00,1.3367300198297016e-05
2026-07-06 00:00:00+00:00,1.1371816071914507e-05
2026-07-07 00:00:00+00:00,1.4977307728258891e-05
2026-07-08 00:00:00+00:00,2.029581810347736e-05
2026-07-09 00:00:00+00:00,2.665079773578327e-05
2026-07-10 00:00:00+00:00,2.1994859707774594e-05
2026-07-11 00:00:00+00:00,2.235697502328549e-05
2026-07-12 00:00:00+00:00,-3.5191910683352035e-06
2026-07-13 00:00:00+00:00,1.8050102880806666e-05
2026-07-14 00:00:00+00:00,7.0667615545971785e-06
2026-07-15 00:00:00+00:00,4.763404376717517e-06
2026-07-16 00:00:00+00:00,2.2551157599082217e-05
2026-07-17 00:00:00+00:00,1.4925035429769196e-05
2026-07-18 00:00:00+00:00,1.5563429769827053e-05
2026-07-19 00:00:00+00:00,2.163918179576285e-05
2026-07-20 00:00:00+00:00,1.8261023797094822e-05
2026-07-21 00:00:00+00:00,1.4882865798426792e-05
2026-07-22 00:00:00+00:00,1.6825233615236357e-05
2026-07-23 00:00:00+00:00,2.744077573879622e-05
2026-07-24 00:00:00+00:00,1.3096009752189277e-05
2026-07-25 00:00:00+00:00,-3.202164407412056e-06
2026-07-26 00:00:00+00:00,1.4124909284873866e-05
2026-07-27 00:00:00+00:00,6.193090939632384e-06
2026-07-28 00:00:00+00:00,1.13527275971137e-05
2026-07-29 00:00:00+00:00,8.870454621501267e-06
2026-07-30 00:00:00+00:00,7.574688879685709e-06
2026-07-31 00:00:00+00:00,1.627261735848151e-05
2026-08-01 00:00:00+00:00,1.190514194604475e-05
2026-08-02 00:00:00+00:00,7.537666533607989e-06
2026-08-03 00:00:00+00:00,8.961956154962536e-06
2026-08-04 00:00:00+00:00,5.98902624915354e-06
2026-08-05 00:00:00+00:00,7.531739356636535e-06
2026-08-06 00:00:00+00:00,2.432808832963929e-05
2026-08-07 00:00:00+00:00,2.0893550754408352e-05
2026-08-08 00:00:00+00:00,1.745901317917742e-05
2026-08-09 00:00:00+00:00,1.360387796012219e-05
2026-08-10 00:00:00+00:00,1.077628667189856e-06
2026-08-11 00:00:00+00:00,2.3551327103632506e-05
2026-08-12 00:00:00+00:00,7.214692232082598e-06
2026-08-13 00:00:00+00:00,-5.506278284883592e-06
2026-08-14 00:00:00+00:00,2.0454355762922205e-05
2026-08-15 00:00:00+00:00,1.2879577298008373e-05
2026-08-16 00:00:00+00:00,1.5649966371711344e-05
2026-08-17 00:00:00+00:00,9.528255759505557e-06
2026-08-18 00:00:00+00:00,1.1680860552587546e-05
2026-08-19 00:00:00+00:00,1.0764566468424164e-05
2026-08-20 00:00:00+00:00,7.402757091767853e-06
2026-08-21 00:00:00+00:00,1.0130594091606326e-05
2026-08-22 00:00:00+00:00,1.0292794286215212e-05
2026-08-23 00:00:00+00:00,9.485708005740888e-07
2026-08-24 00:00:00+00:00,-1.640976961425622e-06
2026-08-25 00:00:00+00:00,1.1925041690119542e-05
2026-08-26 00:00:00+00:00,2.5144512619590387e-05
2026-08-27 00:00:00+00:00,2.2781842744734604e-05
2026-08-28 00:00:00+00:00,2.041917286987882e-05
2026-08-29 00:00:00+00:00,1.813030576158781e-05
2026-08-30 00:00:00+00:00,2.9431287202896783e-06
